<?xml version="1.0" encoding="UTF-8"?>
<!--
	System Restore Point definition for JCE by JoomlaContentEditor.net
	
	Copyright ©2011 Nicholas K. Dionysopoulos / AkeebaBackup.com
	License: GNU General Public License version 3, or later
-->
<restorepoint>
	<customdirs>
		<dir>plugins/editors/jce</dir>
	</customdirs>
	<customfiles>
		<file>plugins/editors/jce.php</file>
		<file>plugins/editors/jce.xml</file>
	</customfiles>
	<langfiles>
		<lang>plg_editors_jce</lang>
	</langfiles>
</restorepoint>