<?xml version="1.0" encoding="UTF-8"?>
<!--
	System Restore Point definition for Tienda by Dioscouri Design
	
	Copyright ©2011 Nicholas K. Dionysopoulos / AkeebaBackup.com
	License: GNU General Public License version 3, or later
-->
<restorepoint>
	<customdirs>
		<dir>administrator/modules/mod_tienda_admin_submenu</dir>
		<dir>modules/mod_tienda_breadcrumbs</dir>
		<dir>modules/mod_tienda_cart</dir>
		<dir>modules/mod_tienda_categories</dir>
		<dir>modules/mod_tienda_compared_products</dir>
		<dir>modules/mod_tienda_currency</dir>
		<dir>modules/mod_tienda_currency</dir>
		<dir>modules/mod_tienda_currency</dir>
		<dir>modules/mod_tienda_my_orderitems</dir>
		<dir>modules/mod_tienda_my_orders</dir>
		<dir>modules/mod_tienda_popular_products</dir>
		<dir>modules/mod_tienda_pricefilters</dir>
		<dir>modules/mod_tienda_products</dir>
		<dir>administrator/modules/mod_tienda_quickicon</dir>
		<dir>administrator/modules/mod_tienda_recentorders</dir>
		<dir>administrator/modules/mod_tienda_salestatistics</dir>
		<dir>modules/mod_tienda_search</dir>
		<dir>administrator/modules/mod_tienda_search_admin</dir>
		<dir>administrator/modules/mod_tienda_useraddress</dir>
		
		<dir>plugins/content/tienda_content_product</dir>
		
		<dir>plugins/search/tienda</dir>
		
		<dir>plugins/system/tienda_subscriptions</dir>
		<dir>plugins/system/tienda</dir>
		
		<dir>plugins/tienda/bug_report</dir>
		<dir>plugins/tienda/charts_fusioncharts</dir>
		<dir>plugins/tienda/checkoutexample</dir>
		<dir>plugins/tienda/customfields</dir>
		<dir>plugins/tienda/genericexporter</dir>
		<dir>plugins/tienda/googleproducts</dir>
		<dir>plugins/tienda/payment_2checkout</dir>
		<dir>plugins/tienda/payment_authorizedotnet</dir>
		<dir>plugins/tienda/payment_googlecheckout</dir>
		<dir>plugins/tienda/payment_offline</dir>
		<dir>plugins/tienda/payment_paypal</dir>
		<dir>plugins/tienda/payment_paypalpro</dir>
		<dir>plugins/tienda/report_bestsellers</dir>
		<dir>plugins/tienda/report_cart</dir>
		<dir>plugins/tienda/report_highestvolumeandspender</dir>
		<dir>plugins/tienda/report_lowstock</dir>
		<dir>plugins/tienda/report_mostdownloadedfiles</dir>
		<dir>plugins/tienda/report_ordered_products</dir>
		<dir>plugins/tienda/report_prepayments</dir>
		<dir>plugins/tienda/report_sales</dir>
		<dir>plugins/tienda/report_salesbymanufacturer</dir>
		<dir>plugins/tienda/report_subscriptions</dir>
		<dir>plugins/tienda/shipping_fedex</dir>
		<dir>plugins/tienda/shipping_standard</dir>
		<dir>plugins/tienda/shipping_ups</dir>
		<dir>plugins/tienda/shipping_usps</dir>
		<dir>plugins/tienda/tool_csvimporter</dir>
		<dir>plugins/tienda/tool_installsampledata</dir>
		<dir>plugins/tienda/tool_redshopmigration</dir>
		<dir>plugins/tienda/tool_virtuemartmigration</dir>
		<dir>plugins/tienda/tool_xcartmigration</dir>

		<dir>plugins/user/tienda</dir>
	</customdirs>
	<customfiles>
		<file>plugins/content/tienda_content_product.php</file>
		<file>plugins/content/tienda_content_product.xml</file>
		<file>plugins/search/tienda.php</file>
		<file>plugins/search/tienda.xml</file>
		<file>plugins/system/tienda.php</file>
		<file>plugins/system/tienda.xml</file>
		<file>plugins/system/tienda_subscriptions.php</file>
		<file>plugins/system/tienda_subscriptions.xml</file>
		<file>plugins/tienda/bug_report.php</file>
		<file>plugins/tienda/bug_report.xml</file>
		<file>plugins/tienda/charts_fusioncharts.php</file>
		<file>plugins/tienda/charts_fusioncharts.xml</file>
		<file>plugins/tienda/checkoutexample.php</file>
		<file>plugins/tienda/checkoutexample.xml</file>
		<file>plugins/tienda/customfields.php</file>
		<file>plugins/tienda/customfields.xml</file>
		<file>plugins/tienda/genericexporter.php</file>
		<file>plugins/tienda/genericexporter.xml</file>
		<file>plugins/tienda/googleproducts.php</file>
		<file>plugins/tienda/googleproducts.xml</file>
		<file>plugins/tienda/payment_2checkout.php</file>
		<file>plugins/tienda/payment_2checkout.xml</file>
		<file>plugins/tienda/payment_authorizedotnet.php</file>
		<file>plugins/tienda/payment_authorizedotnet.xml</file>
		<file>plugins/tienda/payment_googlecheckout.php</file>
		<file>plugins/tienda/payment_googlecheckout.xml</file>
		<file>plugins/tienda/payment_offline.php</file>
		<file>plugins/tienda/payment_offline.xml</file>
		<file>plugins/tienda/payment_paypal.php</file>
		<file>plugins/tienda/payment_paypal.xml</file>
		<file>plugins/tienda/payment_paypalpro.php</file>
		<file>plugins/tienda/payment_paypalpro.xml</file>
		<file>plugins/tienda/report_bestsellers.php</file>
		<file>plugins/tienda/report_bestsellers.xml</file>
		<file>plugins/tienda/report_cart.php</file>
		<file>plugins/tienda/report_cart.xml</file>
		<file>plugins/tienda/report_highestvolumeandspender.php</file>
		<file>plugins/tienda/report_highestvolumeandspender.xml</file>
		<file>plugins/tienda/report_lowstock.php</file>
		<file>plugins/tienda/report_lowstock.xml</file>
		<file>plugins/tienda/report_mostdownloadedfiles.php</file>
		<file>plugins/tienda/report_mostdownloadedfiles.xml</file>
		<file>plugins/tienda/report_ordered_products.php</file>
		<file>plugins/tienda/report_ordered_products.xml</file>
		<file>plugins/tienda/report_prepayments.php</file>
		<file>plugins/tienda/report_prepayments.xml</file>
		<file>plugins/tienda/report_sales.php</file>
		<file>plugins/tienda/report_sales.xml</file>
		<file>plugins/tienda/report_salesbymanufacturer.php</file>
		<file>plugins/tienda/report_salesbymanufacturer.xml</file>
		<file>plugins/tienda/report_subscriptions.php</file>
		<file>plugins/tienda/report_subscriptions.xml</file>
		<file>plugins/tienda/shipping_fedex.php</file>
		<file>plugins/tienda/shipping_fedex.xml</file>
		<file>plugins/tienda/shipping_standard.php</file>
		<file>plugins/tienda/shipping_standard.xml</file>
		<file>plugins/tienda/shipping_ups.php</file>
		<file>plugins/tienda/shipping_ups.xml</file>
		<file>plugins/tienda/shipping_usps.php</file>
		<file>plugins/tienda/shipping_usps.xml</file>
		<file>plugins/tienda/tool_csvimporter.php</file>
		<file>plugins/tienda/tool_csvimporter.xml</file>
		<file>plugins/tienda/tool_installsampledata.php</file>
		<file>plugins/tienda/tool_installsampledata.xml</file>
		<file>plugins/tienda/tool_redshopmigration.php</file>
		<file>plugins/tienda/tool_redshopmigration.xml</file>
		<file>plugins/tienda/tool_virtuemartmigration.php</file>
		<file>plugins/tienda/tool_virtuemartmigration.xml</file>
		<file>plugins/tienda/tool_xcartmigration.php</file>
		<file>plugins/tienda/tool_xcartmigration.xml</file>
		<file>plugins/user/tienda.php</file>
		<file>plugins/user/tienda.xml</file>
	</customfiles>
	<langfiles>
		<lang>mod_tienda_admin_submenu</lang>
		<lang>mod_tienda_breadcrumbs</lang>
		<lang>mod_tienda_cart</lang>
		<lang>mod_tienda_categories</lang>
		<lang>mod_tienda_compared_products</lang>
		<lang>mod_tienda_currency</lang>
		<lang>mod_tienda_currency</lang>
		<lang>mod_tienda_currency</lang>
		<lang>mod_tienda_my_orderitems</lang>
		<lang>mod_tienda_my_orders</lang>
		<lang>mod_tienda_popular_products</lang>
		<lang>mod_tienda_pricefilters</lang>
		<lang>mod_tienda_products</lang>
		<lang>mod_tienda_quickicon</lang>
		<lang>mod_tienda_recentorders</lang>
		<lang>mod_tienda_salestatistics</lang>
		<lang>mod_tienda_search</lang>
		<lang>mod_tienda_search_admin</lang>
		<lang>mod_tienda_useraddress</lang>
		<lang>plg_tienda_bug_report</lang>
		<lang>plg_tienda_charts_fusioncharts</lang>
		<lang>plg_tienda_checkoutexample</lang>
		<lang>plg_tienda_customfields</lang>
		<lang>plg_tienda_genericexporter</lang>
		<lang>plg_tienda_googleproducts</lang>
		<lang>plg_tienda_payment_2checkout</lang>
		<lang>plg_tienda_payment_authorizedotnet</lang>
		<lang>plg_tienda_payment_googlecheckout</lang>
		<lang>plg_tienda_payment_offline</lang>
		<lang>plg_tienda_payment_paypal</lang>
		<lang>plg_tienda_payment_paypalpro</lang>
		<lang>plg_tienda_report_bestsellers</lang>
		<lang>plg_tienda_report_cart</lang>
		<lang>plg_tienda_report_highestvolumeandspender</lang>
		<lang>plg_tienda_report_lowstock</lang>
		<lang>plg_tienda_report_mostdownloadedfiles</lang>
		<lang>plg_tienda_report_ordered_products</lang>
		<lang>plg_tienda_report_prepayments</lang>
		<lang>plg_tienda_report_sales</lang>
		<lang>plg_tienda_report_salesbymanufacturer</lang>
		<lang>plg_tienda_report_subscriptions</lang>
		<lang>plg_search_tienda_search</lang>
		<lang>plg_tienda_shipping_fedex</lang>
		<lang>plg_tienda_shipping_standard</lang>
		<lang>plg_tienda_shipping_ups</lang>
		<lang>plg_tienda_shipping_usps</lang>
		<lang>plg_system_tienda_subscriptions</lang>
		<lang>plg_system_tienda</lang>
		<lang>plg_tienda_tool_csvimporter</lang>
		<lang>plg_tienda_tool_installsampledata</lang>
		<lang>plg_tienda_tool_redshopmigration</lang>
		<lang>plg_tienda_tool_virtuemartmigration</lang>
		<lang>plg_tienda_tool_xcartmigration</lang>
		<lang>plg_user_tienda</lang>
		<lang>plg_content_tienda_content_product</lang>
	</langfiles>
</restorepoint>
